[
  {
    "question_id": 1,
    "user": "Harsh",
    "question": "What is the main objective of your project?",
    "your_answer": "This project helped me learn full-stack development."
  },
  {
    "question_id": 1,
    "user": "Harsh",
    "question": "What is the main objective of your project?",
    "your_answer": "This project helped me learn full-stack development."
  },
  {
    "question_id": 2,
    "user": "Harsh",
    "question": "Why did you choose this project?",
    "your_answer": "A decorator modifies the behavior of a function without changing its structure."
  },
  {
    "question_id": 3,
    "user": "Harsh",
    "question": "Who is the target user of your project?",
    "your_answer": "Nothing"
  },
  {
    "question_id": 3,
    "user": "Harsh",
    "question": "Who is the target user of your project?",
    "your_answer": "No-one"
  }
]